url;Brand;Numero WhatsApp;Link wa.me;;;;;
https://073120.myshopify.com;073120;+3473409100;https://wa.me/3473409100;;;;;
https://0ajffj-ha.myshopify.com;0Ajffj Ha;+393205735707;https://wa.me/393205735707;;;;;
https://0c021d-4.myshopify.com;0C021D 4;+3294574195;https://wa.me/3294574195;;;;;
https://0d8080-4.myshopify.com;0D8080 4;+3791231413;https://wa.me/3791231413;;;;;
https://0e5b67.myshopify.com;0E5B67;+393776942432;https://wa.me/393776942432;;;;;
https://0z5s0j-wg.myshopify.com;0Z5S0J Wg;+393319910560;https://wa.me/393319910560;;;;;
https://136291-2e.myshopify.com;136291 2E;+393519770196;https://wa.me/393519770196;;;;;
https://1csaig-kg.myshopify.com;1Csaig Kg;+393514947361;https://wa.me/393514947361;;;;;
https://21e010-2.myshopify.com;21E010 2;+39043568337;https://wa.me/39043568337;;;;;
https://24eccf-1a.myshopify.com;24Eccf 1A;+390916517804;https://wa.me/390916517804;;;;;
https://296226-68.myshopify.com;296226 68;+390818307078;https://wa.me/390818307078;;;;;
https://3176f1-36.myshopify.com;3176F1 36;+393519359965;https://wa.me/393519359965;;;;;
https://3dd41f.myshopify.com;3Dd41F;+393312573795;https://wa.me/393312573795;;;;;
https://3fbe64.myshopify.com;3Fbe64;+393278652462;https://wa.me/393278652462;;;;;
https://4811b9-a2.myshopify.com;4811B9 A2;+393513020356;https://wa.me/393513020356;;;;;
https://50-ml.it;50 Ml;+390236520528;https://wa.me/390236520528;;;;;
https://506421-2.myshopify.com;506421 2;+393428037754;https://wa.me/393428037754;;;;;
https://5e41e9-2.myshopify.com;5E41E9 2;+390802047731;https://wa.me/390802047731;;;;;
https://5wjdiy-va.myshopify.com;5Wjdiy Va;+390957260214;https://wa.me/390957260214;;;;;
https://611281.myshopify.com;611281;+3516668130;https://wa.me/3516668130;;;;;
https://68d98f-2.myshopify.com;68D98F 2;+393471797743;https://wa.me/393471797743;;;;;
https://6b7e49-4.myshopify.com;6B7E49 4;+393497091929;https://wa.me/393497091929;;;;;
https://6p056v-z0.myshopify.com;6P056V Z0;+3312798964;https://wa.me/3312798964;;;;;
https://71b3ae.myshopify.com;71B3Ae;+393924358403;https://wa.me/393924358403;;;;;
https://7c98ac-0d.myshopify.com;7C98Ac 0D;+393420472789;https://wa.me/393420472789;;;;;
https://8acf9c.myshopify.com;8Acf9C;+393471291471;https://wa.me/393471291471;;;;;
https://9aa563-8e.myshopify.com;9Aa563 8E;+393514067029;https://wa.me/393514067029;;;;;
https://a1cd90-81.myshopify.com;A1Cd90 81;+390733810100;https://wa.me/390733810100;;;;;
https://a86246.myshopify.com;A86246;+393471325156;https://wa.me/393471325156;;;;;
https://acqua-evo.myshopify.com;Acqua Evo;+393299144361;https://wa.me/393299144361;;;;;
https://acurreia.myshopify.com;Acurreia;+393663219755;https://wa.me/393663219755;;;;;
https://acyvht-eb.myshopify.com;Acyvht Eb;+393453504616;https://wa.me/393453504616;;;;;
https://www.adaforniture.it;Adaforniture;+393758516992;https://wa.me/393758516992;;;;;
https://af-fdl.myshopify.com;Af Fdl;+390859960173;https://wa.me/390859960173;;;;;
https://www.agati.it;Agati;+393714697711;https://wa.me/393714697711;;;;;
https://www.agrieden.it;Agrieden;+390818251290;https://wa.me/390818251290;;;;;
https://agritura-com.myshopify.com;Agritura Com;+393357492679;https://wa.me/393357492679;;;;;
https://alberto-guido.myshopify.com;Alberto Guido;+393429915314;https://wa.me/393429915314;;;;;
https://alerasia.myshopify.com;Alerasia;+393392933950;https://wa.me/393392933950;;;;;
https://alessi-us.myshopify.com;Alessi Us;+18662718590;https://wa.me/18662718590;;;;;
https://alia-bio-store.myshopify.com;Alia Bio Store;+393200387251;https://wa.me/393200387251;;;;;
https://allinkaq.myshopify.com;Allinkaq;+393282412896;https://wa.me/393282412896;;;;;
https://www.amerigoconceptstore.it;Amerigoconceptstore;+3356003633;https://wa.me/3356003633;;;;;
https://amoreterra-shop.myshopify.com;Amoreterra Shop;+393935342522;https://wa.me/393935342522;;;;;
https://anasibe.myshopify.com;Anasibe;+390803118723;https://wa.me/390803118723;;;;;
https://antiope-design.myshopify.com;Antiope Design;+393793244671;https://wa.me/393793244671;;;;;
https://www.antonellaferrante.it;Antonellaferrante;+393773210131;https://wa.me/393773210131;;;;;
http://antoscosmesi.it;Antoscosmesi;+393298138197;https://wa.me/393298138197;;;;;
https://antovany.myshopify.com;Antovany;+393516226791;https://wa.me/393516226791;;;;;
https://apus-laneige.myshopify.com;Apus Laneige;+2129253030;https://wa.me/2129253030;;;;;
https://www.aqpet.it;Aqpet;+390240032002;https://wa.me/390240032002;;;;;
https://archigo.myshopify.com;Archigo;+399321836196;https://wa.me/399321836196;;;;;
https://arcos-plus-store.myshopify.com;Arcos Plus Store;+34676368246;https://wa.me/34676368246;;;;;
https://arcshop-it.myshopify.com;Arcshop It;+393202244246;https://wa.me/393202244246;;;;;
https://artigiani-del-bijoux.myshopify.com;Artigiani Del Bijoux;+393447025920;https://wa.me/393447025920;;;;;
https://artknit-studios-com.myshopify.com;Artknit Studios Com;+393881538477;https://wa.me/393881538477;;;;;
https://arvalcosmetici.myshopify.com;Arvalcosmetici;+390123456789;https://wa.me/390123456789;;;;;
https://www.astorispa.it;Astorispa;+393205743284;https://wa.me/393205743284;;;;;
https://www.autoboxshop.it;Autoboxshop;+393883961204;https://wa.me/393883961204;;;;;
https://autorivallo.myshopify.com;Autorivallo;+3791619132;https://wa.me/3791619132;;;;;
https://b2b-saponeantichiricordi-it.myshopify.com;B2B Saponeantichiricordi It;+393791562570;https://wa.me/393791562570;;;;;
https://b50710-2.myshopify.com;B50710 2;+393762351176;https://wa.me/393762351176;;;;;
https://www.babykid.it;Babykid;+393349081913;https://wa.me/393349081913;;;;;
https://balique.it;Balique;+393518357669;https://wa.me/393518357669;;;;;
https://balmas-boutique.myshopify.com;Balmas Boutique;+390666994094;https://wa.me/390666994094;;;;;
https://www.balticoshop.it;Balticoshop;+393393922824;https://wa.me/393393922824;;;;;
https://barbera-sandro-e-figli-s-n-c.myshopify.com;Barbera Sandro E Figli S N C;+39015403308;https://wa.me/39015403308;;;;;
https://barcelona-led.myshopify.com;Barcelona Led;+34613034680;https://wa.me/34613034680;;;;;
https://baro-cosmetics-production.myshopify.com;Baro Cosmetics Production;+393201446444;https://wa.me/393201446444;;;;;
https://bcf13e-23.myshopify.com;Bcf13E 23;+393773262551;https://wa.me/393773262551;;;;;
https://be-perfect-store.myshopify.com;Be Perfect Store;+393311041606;https://wa.me/393311041606;;;;;
https://beautiliciousdelights.myshopify.com;Beautiliciousdelights;+393342433596;https://wa.me/393342433596;;;;;
https://beauty-shop-mary.myshopify.com;Beauty Shop Mary;+39069951415;https://wa.me/39069951415;;;;;
https://begreen-weed.myshopify.com;Begreen Weed;+393515514727;https://wa.me/393515514727;;;;;
https://www.benheart.it;Benheart;+393773510019;https://wa.me/393773510019;;;;;
https://bgs-eco-friendly-consumer-products.myshopify.com;Bgs Eco Friendly Consumer Products;+393514572738;https://wa.me/393514572738;;;;;
https://biagarden.myshopify.com;Biagarden;+393703371169;https://wa.me/393703371169;;;;;
https://www.bibihome.it;Bibihome;+3475463915;https://wa.me/3475463915;;;;;
https://www.bierrestore.it;Bierrestore;+393207854413;https://wa.me/393207854413;;;;;
https://bigeshop8.myshopify.com;Bigeshop8;+393479647880;https://wa.me/393479647880;;;;;
https://bimarpharma-0b9f.myshopify.com;Bimarpharma 0B9F;+3205518727;https://wa.me/3205518727;;;;;
https://bioearth-cosmetici-naturali.myshopify.com;Bioearth Cosmetici Naturali;+398323384556;https://wa.me/398323384556;;;;;
https://biondi-home.myshopify.com;Biondi Home;+393481812763;https://wa.me/393481812763;;;;;
https://biosnail.it;Biosnail;+3291816084;https://wa.me/3291816084;;;;;
https://birrificiogranda.myshopify.com;Birrificiogranda;+393283567223;https://wa.me/393283567223;;;;;
https://www.biscottodisorrento.it;Biscottodisorrento;+393289126305;https://wa.me/393289126305;;;;;
https://bisiantichita.myshopify.com;Bisiantichita;+3383846923;https://wa.me/3383846923;;;;;
https://www.blackoutlucedesign.it;Blackoutlucedesign;+39028056031;https://wa.me/39028056031;;;;;
https://www.blue-deep.it;Blue Deep;+393206528507;https://wa.me/393206528507;;;;;
https://bnatur-5ea3.myshopify.com;Bnatur 5Ea3;+3492379818;https://wa.me/3492379818;;;;;
https://bonniebeauty-it.myshopify.com;Bonniebeauty It;+393513777574;https://wa.me/393513777574;;;;;
https://www.boschettotre.it;Boschettotre;+393396422339;https://wa.me/393396422339;;;;;
https://www.bottegaetrusca.it;Bottegaetrusca;+39050578294;https://wa.me/39050578294;;;;;
https://www.bottegapini.it;Bottegapini;+393315392011;https://wa.me/393315392011;;;;;
https://bottegiani.myshopify.com;Bottegiani;+390240700803;https://wa.me/390240700803;;;;;
https://bottleeden.myshopify.com;Bottleeden;+3518730375;https://wa.me/3518730375;;;;;
https://brico-home-ferramenta.myshopify.com;Brico Home Ferramenta;+393760343302;https://wa.me/393760343302;;;;;
https://www.brikum.it;Brikum;+34676312922;https://wa.me/34676312922;;;;;
https://www.bsoul.it;Bsoul;+393441845800;https://wa.me/393441845800;;;;;
https://www.caciocavalleriaded.it;Caciocavalleriaded;+393792431962;https://wa.me/393792431962;;;;;
https://www.caffetteriastazione.it;Caffetteriastazione;+393761538455;https://wa.me/393761538455;;;;;
https://camp-italia.myshopify.com;Camp Italia;+390804782768;https://wa.me/390804782768;;;;;
https://www.canvashomedesign.it;Canvashomedesign;+393513822231;https://wa.me/393513822231;;;;;
https://www.capebestshop.it;Capebestshop;+3926596260;https://wa.me/3926596260;;;;;
https://www.capovillashop.it;Capovillashop;+393382445475;https://wa.me/393382445475;;;;;
https://casabella-milano.myshopify.com;Casabella Milano;+3472359518;https://wa.me/3472359518;;;;;
https://casadasognoofficial.myshopify.com;Casadasognoofficial;+393394610850;https://wa.me/393394610850;;;;;
https://casalinghi-sicignano.myshopify.com;Casalinghi Sicignano;+3351572708;https://wa.me/3351572708;;;;;
https://www.casascola.it;Casascola;+3382803702;https://wa.me/3382803702;;;;;
https://www.cepistore.it;Cepistore;+393510118687;https://wa.me/393510118687;;;;;
https://ceramiche-benedetti.myshopify.com;Ceramiche Benedetti;+390458840544;https://wa.me/390458840544;;;;;
https://ceramichepontevecchio-com.myshopify.com;Ceramichepontevecchio Com;+393394623264;https://wa.me/393394623264;;;;;
https://www.cescotravenna.it;Cescotravenna;+390544292711;https://wa.me/390544292711;;;;;
https://cf101f-2.myshopify.com;Cf101F 2;+393286149064;https://wa.me/393286149064;;;;;
https://www.cgedu.it;Cgedu;+390104559102;https://wa.me/390104559102;;;;;
https://www.ciaura.it;Ciaura;+393459972259;https://wa.me/393459972259;;;;;
https://www.cipiacebio.it;Cipiacebio;+393517802062;https://wa.me/393517802062;;;;;
https://store.cittadellarte.it;Cittadellarte;+0158971064;https://wa.me/0158971064;;;;;
https://climaconvenienza.myshopify.com;Climaconvenienza;+390240701624;https://wa.me/390240701624;;;;;
https://www.climando.it;Climando;+390240703518;https://wa.me/390240703518;;;;;
https://cobi-cashmere.myshopify.com;Cobi Cashmere;+393348380718;https://wa.me/393348380718;;;;;
https://shop.colellaweb.it;Colellaweb;+390422591407;https://wa.me/390422591407;;;;;
https://commerciovirtuoso.myshopify.com;Commerciovirtuoso;+390287176931;https://wa.me/390287176931;;;;;
https://cosedelposto.myshopify.com;Cosedelposto;+393401920585;https://wa.me/393401920585;;;;;
https://www.cosmolife.it;Cosmolife;+390471964096;https://wa.me/390471964096;;;;;
https://cotonificio-zambaiti.myshopify.com;Cotonificio Zambaiti;+393888225712;https://wa.me/393888225712;;;;;
https://www.cucinaatelier.it;Cucinaatelier;+3667789578;https://wa.me/3667789578;;;;;
https://cucinosano.myshopify.com;Cucinosano;+393516288764;https://wa.me/393516288764;;;;;
https://d0a1vy-ih.myshopify.com;D0A1Vy Ih;+393791471787;https://wa.me/393791471787;;;;;
https://d4d77f-3.myshopify.com;D4D77F 3;+393881775153;https://wa.me/393881775153;;;;;
https://dafne-design-italia.myshopify.com;Dafne Design Italia;+393393222940;https://wa.me/393393222940;;;;;
https://daiellosedie.myshopify.com;Daiellosedie;+393384973834;https://wa.me/393384973834;;;;;
https://danilo-cascella-premium-store.myshopify.com;Danilo Cascella Premium Store;+393339276038;https://wa.me/393339276038;;;;;
https://shop.dastore.it;Dastore;+390421648185;https://wa.me/390421648185;;;;;
https://davines-italia.myshopify.com;Davines Italia;+390123456789;https://wa.me/390123456789;;;;;
https://www.dbprofessional.it;Dbprofessional;+393515430356;https://wa.me/393515430356;;;;;
https://declea.myshopify.com;Declea;+393479715704;https://wa.me/393479715704;;;;;
https://www.decofleurs.it;Decofleurs;+393356204592;https://wa.me/393356204592;;;;;
https://dgfreetimestore1.myshopify.com;Dgfreetimestore1;+390717232011;https://wa.me/390717232011;;;;;
https://www.diamanteitalia.it;Diamanteitalia;+393518812312;https://wa.me/393518812312;;;;;
https://diegodallapalma.myshopify.com;Diegodallapalma;+393487892437;https://wa.me/393487892437;;;;;
https://ditano.myshopify.com;Ditano;+15557749168;https://wa.me/15557749168;;;;;
https://divinanails.it;Divinanails;+393701225221;https://wa.me/393701225221;;;;;
https://divisepertutti.it;Divisepertutti;+3807441038;https://wa.me/3807441038;;;;;
https://donnes-home.myshopify.com;Donnes Home;+393458601930;https://wa.me/393458601930;;;;;
https://doomostore.myshopify.com;Doomostore;+393407414174;https://wa.me/393407414174;;;;;
https://drvranjes.it;Drvranjes;+390230329588;https://wa.me/390230329588;;;;;
https://e-marinella.myshopify.com;E Marinella;+393287681255;https://wa.me/393287681255;;;;;
https://e17e31-2.myshopify.com;E17E31 2;+393387638483;https://wa.me/393387638483;;;;;
https://e40429.myshopify.com;E40429;+393501683215;https://wa.me/393501683215;;;;;
https://e77a7a.myshopify.com;E77A7A;+393662117155;https://wa.me/393662117155;;;;;
https://e7a06d-73.myshopify.com;E7A06D 73;+3516545622;https://wa.me/3516545622;;;;;
https://ecogenera.it;Ecogenera;+393471218372;https://wa.me/393471218372;;;;;
https://ecosalute.it;Ecosalute;+393293447554;https://wa.me/393293447554;;;;;
https://edil-habitat.myshopify.com;Edil Habitat;+393758248880;https://wa.me/393758248880;;;;;
https://eenterior.myshopify.com;Eenterior;+3397905814;https://wa.me/3397905814;;;;;
https://elettronicaworld.myshopify.com;Elettronicaworld;+390810128876;https://wa.me/390810128876;;;;;
https://elfideashop.it;Elfideashop;+393898766271;https://wa.me/393898766271;;;;;
https://em-power.it;Em Power;+393396400328;https://wa.me/393396400328;;;;;
https://www.emporioarredo.it;Emporioarredo;+393757705036;https://wa.me/393757705036;;;;;
https://emporiodiantonio.myshopify.com;Emporiodiantonio;+393663841818;https://wa.me/393663841818;;;;;
https://enologiaonline.it;Enologiaonline;+393386101008;https://wa.me/393386101008;;;;;
https://enzoled.it;Enzoled;+3272303799;https://wa.me/3272303799;;;;;
https://erboristeria-binasco.myshopify.com;Erboristeria Binasco;+393348976191;https://wa.me/393348976191;;;;;
https://erboristerianaturaesalute.it;Erboristerianaturaesalute;+393886969452;https://wa.me/393886969452;;;;;
https://erboristeriapanacea.myshopify.com;Erboristeriapanacea;+393715716082;https://wa.me/393715716082;;;;;
https://www.erresse-shop.it;Erresse Shop;+393518273556;https://wa.me/393518273556;;;;;
https://erretopwellness.it;Erretopwellness;+393288686512;https://wa.me/393288686512;;;;;
https://errfxs-4i.myshopify.com;Errfxs 4I;+393285690160;https://wa.me/393285690160;;;;;
https://esperiashop.it;Esperiashop;+393457664777;https://wa.me/393457664777;;;;;
https://essential-oil-supplies-it.myshopify.com;Essential Oil Supplies It;+393515777273;https://wa.me/393515777273;;;;;
https://www.essenzegioielli.it;Essenzegioielli;+393202889459;https://wa.me/393202889459;;;;;
https://estetista-irene.myshopify.com;Estetista Irene;+393345316815;https://wa.me/393345316815;;;;;
https://estore360-it.myshopify.com;Estore360 It;+393791340360;https://wa.me/393791340360;;;;;
https://eterea-cosmesi-naturale.myshopify.com;Eterea Cosmesi Naturale;+390823883389;https://wa.me/390823883389;;;;;
https://eternal-brico.myshopify.com;Eternal Brico;+390825828074;https://wa.me/390825828074;;;;;
https://ethical-grace.myshopify.com;Ethical Grace;+393755732759;https://wa.me/393755732759;;;;;
https://etualy.myshopify.com;Etualy;+390296372843;https://wa.me/390296372843;;;;;
https://euphoriaartigiana.it;Euphoriaartigiana;+3495786562;https://wa.me/3495786562;;;;;
https://euro-argenti.myshopify.com;Euro Argenti;+390831992835;https://wa.me/390831992835;;;;;
https://euroargenti.it;Euroargenti;+390831992835;https://wa.me/390831992835;;;;;
https://euterpe-studio.myshopify.com;Euterpe Studio;+391652933848;https://wa.me/391652933848;;;;;
https://f5dddb.myshopify.com;F5Dddb;+393314540449;https://wa.me/393314540449;;;;;
https://faiunaffare.it;Faiunaffare;+393343930585;https://wa.me/393343930585;;;;;
https://falegnameriamedusa.myshopify.com;Falegnameriamedusa;+393756527387;https://wa.me/393756527387;;;;;
https://farmaciadelpavaglione.it;Farmaciadelpavaglione;+39051221640;https://wa.me/39051221640;;;;;
https://www.farmacosmo.it;Farmacosmo;+390283623081;https://wa.me/390283623081;;;;;
https://fashion-cosmetics-shop.myshopify.com;Fashion Cosmetics Shop;+390123456789;https://wa.me/390123456789;;;;;
https://www.videosorveglianza.feniva.it;Feniva;+39011852559;https://wa.me/39011852559;;;;;
https://ferplast-italia.myshopify.com;Ferplast Italia;+390445429111;https://wa.me/390445429111;;;;;
https://www.ferramentabarile.it;Ferramentabarile;+393384720118;https://wa.me/393384720118;;;;;
https://fiam-design-outlet.myshopify.com;Fiam Design Outlet;+39072120051;https://wa.me/39072120051;;;;;
https://finmark-store.myshopify.com;Finmark Store;+3403934180;https://wa.me/3403934180;;;;;
https://fioravanti-arredamento-e-biancheria.myshopify.com;Fioravanti Arredamento E Biancheria;+393428548226;https://wa.me/393428548226;;;;;
https://www.fiorideahome.it;Fiorideahome;+393890052551;https://wa.me/393890052551;;;;;
https://firmiamoletuecreazioni.it;Firmiamoletuecreazioni;+3475074852;https://wa.me/3475074852;;;;;
https://fitomediterranea.myshopify.com;Fitomediterranea;+393248381195;https://wa.me/393248381195;;;;;
https://foodieme.myshopify.com;Foodieme;+39893074080;https://wa.me/39893074080;;;;;
https://forestaegiardinosrl.it;Forestaegiardinosrl;+393669251063;https://wa.me/393669251063;;;;;
https://www.fotoeshop.it;Fotoeshop;+3514738146;https://wa.me/3514738146;;;;;
https://fratellidesideri.myshopify.com;Fratellidesideri;+393482857613;https://wa.me/393482857613;;;;;
https://fviw1r-ci.myshopify.com;Fviw1R Ci;+390552381272;https://wa.me/390552381272;;;;;
https://www.gadgetzone.it;Gadgetzone;+390110240771;https://wa.me/390110240771;;;;;
https://galiani.it;Galiani;+393881550720;https://wa.me/393881550720;;;;;
https://galiani-store.myshopify.com;Galiani Store;+393881550720;https://wa.me/393881550720;;;;;
https://www.gardenfoggia.it;Gardenfoggia;+393760044597;https://wa.me/393760044597;;;;;
https://www.gastrocentrale.it;Gastrocentrale;+390240031441;https://wa.me/390240031441;;;;;
https://www.gedshop.it;Gedshop;+390280886189;https://wa.me/390280886189;;;;;
https://www.genesigioielli.it;Genesigioielli;+393516114089;https://wa.me/393516114089;;;;;
https://genexluce.it;Genexluce;+390123456789;https://wa.me/390123456789;;;;;
https://geoka.it;Geoka;+393500467600;https://wa.me/393500467600;;;;;
https://gergo-storeonline.myshopify.com;Gergo Storeonline;+390733865149;https://wa.me/390733865149;;;;;
https://germoglioshop-com.myshopify.com;Germoglioshop Com;+395302601049;https://wa.me/395302601049;;;;;
https://shop.gevat.it;Gevat;+3905771793192;https://wa.me/3905771793192;;;;;
https://giada-savoldelli.myshopify.com;Giada Savoldelli;+393920136480;https://wa.me/393920136480;;;;;
https://www.gidacom.it;Gidacom;+393887379466;https://wa.me/393887379466;;;;;
https://gieffeshop.it;Gieffeshop;+393807435050;https://wa.me/393807435050;;;;;
https://gin-aro.myshopify.com;Gin Aro;+393387227607;https://wa.me/393387227607;;;;;
http://www.gingerbio.it;Gingerbio;+393793073433;https://wa.me/393793073433;;;;;
https://gioielleriacola.it;Gioielleriacola;+390818631582;https://wa.me/390818631582;;;;;
https://www.gioielleriaoddi.it;Gioielleriaoddi;+393889810396;https://wa.me/393889810396;;;;;
https://giordanoshop-prod.myshopify.com;Giordanoshop Prod;+390810067022;https://wa.me/390810067022;;;;;
https://www.girlgotlashes.it;Girlgotlashes;+491757148278;https://wa.me/491757148278;;;;;
https://giulianabiella.it;Giulianabiella;+3901521943;https://wa.me/3901521943;;;;;
https://giulino.it;Giulino;+390773622228;https://wa.me/390773622228;;;;;
https://glowright.myshopify.com;Glowright;+390123456789;https://wa.me/390123456789;;;;;
https://goskin4.myshopify.com;Goskin4;+39529349287;https://wa.me/39529349287;;;;;
https://www.grafichenapoletane.it;Grafichenapoletane;+393472146958;https://wa.me/393472146958;;;;;
https://www.grandicucine.it;Grandicucine;+393357916072;https://wa.me/393357916072;;;;;
https://grossipro.it;Grossipro;+393886293750;https://wa.me/393886293750;;;;;
https://guerralampadari.it;Guerralampadari;+3516545622;https://wa.me/3516545622;;;;;
https://guizzocreart.it;Guizzocreart;+390422872278;https://wa.me/390422872278;;;;;
https://hebio.it;Hebio;+393519959007;https://wa.me/393519959007;;;;;
https://hhomeshop.it;Hhomeshop;+393487501048;https://wa.me/393487501048;;;;;
https://hirodesign.myshopify.com;Hirodesign;+393758898207;https://wa.me/393758898207;;;;;
https://www.homelamp.it;Homelamp;+393770426207;https://wa.me/393770426207;;;;;
https://homixstore.it;Homixstore;+393520103599;https://wa.me/393520103599;;;;;
https://hotelify-italia.myshopify.com;Hotelify Italia;+39051230034;https://wa.me/39051230034;;;;;
https://i-luminari.myshopify.com;I Luminari;+393394645623;https://wa.me/393394645623;;;;;
https://iciam.it;Iciam;+393515269945;https://wa.me/393515269945;;;;;
https://igiardinidigiulia.it;Igiardinidigiulia;+393497091929;https://wa.me/393497091929;;;;;
https://ikonitaly.myshopify.com;Ikonitaly;+393925784041;https://wa.me/393925784041;;;;;
https://il-lavandeto-di-assisi.myshopify.com;Il Lavandeto Di Assisi;+393319800269;https://wa.me/393319800269;;;;;
https://ilferrivendolo.it;Ilferrivendolo;+393400766176;https://wa.me/393400766176;;;;;
https://ilfilodiarianna.it;Ilfilodiarianna;+393756308894;https://wa.me/393756308894;;;;;
https://iltappetomagicodisilvia.it;Iltappetomagicodisilvia;+393495073099;https://wa.me/393495073099;;;;;
https://imballaggi-alimentari.myshopify.com;Imballaggi Alimentari;+393339136190;https://wa.me/393339136190;;;;;
https://inga-sirmone.myshopify.com;Inga Sirmone;+393485112448;https://wa.me/393485112448;;;;;
https://ingrosso-mobili-fenici.myshopify.com;Ingrosso Mobili Fenici;+393519264034;https://wa.me/393519264034;;;;;
https://inka-arthouse.myshopify.com;Inka Arthouse;+396635570397;https://wa.me/396635570397;;;;;
https://inrete.myshopify.com;Inrete;+3272303799;https://wa.me/3272303799;;;;;
https://www.inshopping.it;Inshopping;+390710981081;https://wa.me/390710981081;;;;;
https://instile3d.it;Instile3D;+393478708838;https://wa.me/393478708838;;;;;
https://interdigitale-shop.myshopify.com;Interdigitale Shop;+393356663826;https://wa.me/393356663826;;;;;
https://io-sono-la-luce.myshopify.com;Io Sono La Luce;+393927121271;https://wa.me/393927121271;;;;;
https://iobimboarcole.it;Iobimboarcole;+3929009877;https://wa.me/3929009877;;;;;
https://iosonolaluce.it;Iosonolaluce;+393927121271;https://wa.me/393927121271;;;;;
https://iperverde.it;Iperverde;+390342567100;https://wa.me/390342567100;;;;;
https://www.isemidelladiscordia.it;Isemidelladiscordia;+3473065041;https://wa.me/3473065041;;;;;
https://www.isottagioielli.it;Isottagioielli;+393382642643;https://wa.me/393382642643;;;;;
https://ispirazione-pelleteria-artiginale.myshopify.com;Ispirazione Pelleteria Artiginale;+393534719192;https://wa.me/393534719192;;;;;
https://italianluma.myshopify.com;Italianluma;+39959429281;https://wa.me/39959429281;;;;;
https://itecommerce.it;Itecommerce;+393459295476;https://wa.me/393459295476;;;;;
https://ivanbasile.it;Ivanbasile;+390553892828;https://wa.me/390553892828;;;;;
https://jo-maison-jo.myshopify.com;Jo Maison Jo;+393756567477;https://wa.me/393756567477;;;;;
https://jolie-profumerie-srl.myshopify.com;Jolie Profumerie Srl;+393317484953;https://wa.me/393317484953;;;;;
https://kasapp.it;Kasapp;+393519264034;https://wa.me/393519264034;;;;;
https://keyhomestore.it;Keyhomestore;+393518452179;https://wa.me/393518452179;;;;;
https://www.kumiho.it;Kumiho;+393759057916;https://wa.me/393759057916;;;;;
https://la-bottega-delle-creazioni.myshopify.com;La Bottega Delle Creazioni;+393387817484;https://wa.me/393387817484;;;;;
https://la-casamatta-arredamento.myshopify.com;La Casamatta Arredamento;+390773541022;https://wa.me/390773541022;;;;;
https://la-piazzetta-bellano.myshopify.com;La Piazzetta Bellano;+390341820842;https://wa.me/390341820842;;;;;
https://la-porta-dei-sapori.myshopify.com;La Porta Dei Sapori;+393515228455;https://wa.me/393515228455;;;;;
https://la-stanza-nel-bosco.myshopify.com;La Stanza Nel Bosco;+393920663562;https://wa.me/393920663562;;;;;
https://laboratorio-olfattivo-kosmetico.myshopify.com;Laboratorio Olfattivo Kosmetico;+393274480789;https://wa.me/393274480789;;;;;
https://labottegacolorcannella.it;Labottegacolorcannella;+390651842148;https://wa.me/390651842148;;;;;
https://labottegadelpollino.it;Labottegadelpollino;+393473740743;https://wa.me/393473740743;;;;;
https://lacariaricami.myshopify.com;Lacariaricami;+3909681751725;https://wa.me/3909681751725;;;;;
https://www.lacasadibenedetta.it;Lacasadibenedetta;+393492696122;https://wa.me/393492696122;;;;;
https://lacasalinga.it;Lacasalinga;+39059693182;https://wa.me/39059693182;;;;;
https://laconfettataonline.it;Laconfettataonline;+393277875318;https://wa.me/393277875318;;;;;
https://www.ladeasedia.it;Ladeasedia;+393884860300;https://wa.me/393884860300;;;;;
https://lafabbricadeilumi.it;Lafabbricadeilumi;+393756612673;https://wa.me/393756612673;;;;;
https://lafattoriadellamandorla.myshopify.com;Lafattoriadellamandorla;+393518361990;https://wa.me/393518361990;;;;;
https://lafeminahome.it;Lafeminahome;+00393334939868;https://wa.me/00393334939868;;;;;
https://www.lampadevintage.it;Lampadevintage;+390774281534;https://wa.me/390774281534;;;;;
https://lanordsrl.it;Lanordsrl;+393351848543;https://wa.me/393351848543;;;;;
https://www.latestbuy.it;Latestbuy;+18885283780;https://wa.me/18885283780;;;;;
https://laura-sciunnach.myshopify.com;Laura Sciunnach;+393444991765;https://wa.me/393444991765;;;;;
https://lcicosmetics.myshopify.com;Lcicosmetics;+393442729806;https://wa.me/393442729806;;;;;
https://le-borse-di-forte-dei-marmi.myshopify.com;Le Borse Di Forte Dei Marmi;+393515045937;https://wa.me/393515045937;;;;;
https://www.led-mobile.it;Led Mobile;+393701581232;https://wa.me/393701581232;;;;;
https://www.leddiretto.it;Leddiretto;+390833694106;https://wa.me/390833694106;;;;;
https://www.legave.it;Legave;+0823321526;https://wa.me/0823321526;;;;;
https://legioiebomboniere.it;Legioiebomboniere;+393899382906;https://wa.me/393899382906;;;;;
https://lg-lesmo-shop.myshopify.com;Lg Lesmo Shop;+390396064996;https://wa.me/390396064996;;;;;
https://lightingshop-notercom.myshopify.com;Lightingshop Notercom;+393773507784;https://wa.me/393773507784;;;;;
https://lisola-che-non-cera.myshopify.com;Lisola Che Non Cera;+393495716381;https://wa.me/393495716381;;;;;
https://lm-accessori.it;Lm Accessori;+393929935669;https://wa.me/393929935669;;;;;
https://lo-stile-italiano.myshopify.com;Lo Stile Italiano;+393295953920;https://wa.me/393295953920;;;;;
https://loppis.it;Loppis;+3384068409;https://wa.me/3384068409;;;;;
https://lordh-ecommerce.myshopify.com;Lordh Ecommerce;+3493073484;https://wa.me/3493073484;;;;;
https://lovedoormat.it;Lovedoormat;+393519497842;https://wa.me/393519497842;;;;;
https://www.lozibaldonelucca.it;Lozibaldonelucca;+393806882578;https://wa.me/393806882578;;;;;
https://luce-beauty.myshopify.com;Luce Beauty;+393899365722;https://wa.me/393899365722;;;;;
https://www.lucebeauty.it;Lucebeauty;+393899365722;https://wa.me/393899365722;;;;;
https://lucepiu.myshopify.com;Lucepiu;+393931412624;https://wa.me/393931412624;;;;;
https://www.ludosfera.it;Ludosfera;+390733470005;https://wa.me/390733470005;;;;;
https://lupis-srl.myshopify.com;Lupis Srl;+393890452054;https://wa.me/393890452054;;;;;
https://luxornow.myshopify.com;Luxornow;+393898466386;https://wa.me/393898466386;;;;;
https://lwine.it;Lwine;+393343738920;https://wa.me/393343738920;;;;;
https://maddalenadistefano.it;Maddalenadistefano;+393516986860;https://wa.me/393516986860;;;;;
https://www.magicartalessia.it;Magicartalessia;+393770826135;https://wa.me/393770826135;;;;;
https://magicpaint-elisirhome.myshopify.com;Magicpaint Elisirhome;+393318077760;https://wa.me/393318077760;;;;;
https://maglow.it;Maglow;+393486432322;https://wa.me/393486432322;;;;;
https://maisonetpetits.it;Maisonetpetits;+393932177804;https://wa.me/393932177804;;;;;
https://make-you-greener.myshopify.com;Make You Greener;+3518667656;https://wa.me/3518667656;;;;;
https://www.mamahomedesign.it;Mamahomedesign;+393465426982;https://wa.me/393465426982;;;;;
https://www.manarbio.it;Manarbio;+393773776775;https://wa.me/393773776775;;;;;
https://manifatture-cotoniere.myshopify.com;Manifatture Cotoniere;+398934245535;https://wa.me/398934245535;;;;;
https://manifatturecotoniere1946.it;Manifatturecotoniere1946;+398934245535;https://wa.me/398934245535;;;;;
https://www.manomancina.it;Manomancina;+393472570808;https://wa.me/393472570808;;;;;
https://marcellabalato.myshopify.com;Marcellabalato;+393440879280;https://wa.me/393440879280;;;;;
https://marksandangels.it;Marksandangels;+393792903886;https://wa.me/393792903886;;;;;
https://www.martinistore.it;Martinistore;+393783054433;https://wa.me/393783054433;;;;;
https://masons-forte-dei-marmi.myshopify.com;Masons Forte Dei Marmi;+393883021004;https://wa.me/393883021004;;;;;
https://maxmart.it;Maxmart;+390899767456;https://wa.me/390899767456;;;;;
https://mayermoover.myshopify.com;Mayermoover;+390423078748;https://wa.me/390423078748;;;;;
https://mb3store.it;Mb3Store;+390813592087;https://wa.me/390813592087;;;;;
https://melacomprosnc.it;Melacomprosnc;+393884296018;https://wa.me/393884296018;;;;;
https://merceriaperfiloepersegno.it;Merceriaperfiloepersegno;+390952190403;https://wa.me/390952190403;;;;;
https://www.metautensili.it;Metautensili;+393420242023;https://wa.me/393420242023;;;;;
https://mextra.it;Mextra;+390697620511;https://wa.me/390697620511;;;;;
https://www.mgftacho.it;Mgftacho;+390238240284;https://wa.me/390238240284;;;;;
https://microelettronicasnc.it;Microelettronicasnc;+393275444693;https://wa.me/393275444693;;;;;
https://miin-cosmetics.it;Miin Cosmetics;+393332260725;https://wa.me/393332260725;;;;;
https://millstore-it.myshopify.com;Millstore It;+3441212273;https://wa.me/3441212273;;;;;
https://mimistudio.it;Mimistudio;+393519793718;https://wa.me/393519793718;;;;;
https://mimistudio-7977.myshopify.com;Mimistudio 7977;+393519793718;https://wa.me/393519793718;;;;;
https://mine-perfume-lab.myshopify.com;Mine Perfume Lab;+15557876988;https://wa.me/15557876988;;;;;
https://mirabileshop.it;Mirabileshop;+393514788410;https://wa.me/393514788410;;;;;
https://miriadedibevere.myshopify.com;Miriadedibevere;+390882643440;https://wa.me/390882643440;;;;;
https://mobilhouse.it;Mobilhouse;+09321912717;https://wa.me/09321912717;;;;;
https://mobiliaonline.myshopify.com;Mobiliaonline;+390185971127;https://wa.me/390185971127;;;;;
https://mobilmarket-firenze.myshopify.com;Mobilmarket Firenze;+393924877682;https://wa.me/393924877682;;;;;
https://www.mondoviro.it;Mondoviro;+393760093835;https://wa.me/393760093835;;;;;
https://morandin-contenitori.myshopify.com;Morandin Contenitori;+390423078748;https://wa.me/390423078748;;;;;
https://morealishop.it;Morealishop;+393892630465;https://wa.me/393892630465;;;;;
https://mornati-paglia.myshopify.com;Mornati Paglia;+393758453523;https://wa.me/393758453523;;;;;
https://movida-store-modena.myshopify.com;Movida Store Modena;+393534677614;https://wa.me/393534677614;;;;;
https://mpm-shop.myshopify.com;Mpm Shop;+393480742260;https://wa.me/393480742260;;;;;
https://mu-make-up-official.myshopify.com;Mu Make Up Official;+393703420702;https://wa.me/393703420702;;;;;
https://muc-off-eu.myshopify.com;Muc Off Eu;+390123456789;https://wa.me/390123456789;;;;;
https://mulac-cosmetics.myshopify.com;Mulac Cosmetics;+393204351099;https://wa.me/393204351099;;;;;
https://murano-lamp-store.myshopify.com;Murano Lamp Store;+393924006404;https://wa.me/393924006404;;;;;
https://www.musonero.it;Musonero;+393270689862;https://wa.me/393270689862;;;;;
https://www.mycreativelab.it;Mycreativelab;+393891123132;https://wa.me/393891123132;;;;;
https://www.natura-acquario.it;Natura Acquario;+390521980765;https://wa.me/390521980765;;;;;
https://naturalmente-il-negozio-sostenibile.myshopify.com;Naturalmente Il Negozio Sostenibile;+393277364761;https://wa.me/393277364761;;;;;
https://net-coatings-srl.myshopify.com;Net Coatings Srl;+39042974983;https://wa.me/39042974983;;;;;
https://newglamour.it;Newglamour;+393899241542;https://wa.me/393899241542;;;;;
https://www.newthings.it;Newthings;+3317573848;https://wa.me/3317573848;;;;;
https://niasha.myshopify.com;Niasha;+393857433639;https://wa.me/393857433639;;;;;
https://ninamaison.it;Ninamaison;+393317760165;https://wa.me/393317760165;;;;;
https://nobile-italy.myshopify.com;Nobile Italy;+393517499512;https://wa.me/393517499512;;;;;
https://noccioro.it;Noccioro;+3881188931;https://wa.me/3881188931;;;;;
https://nomadecandles.it;Nomadecandles;+3802620801;https://wa.me/3802620801;;;;;
https://nonsolonoi-altromercato.myshopify.com;Nonsolonoi Altromercato;+393204404033;https://wa.me/393204404033;;;;;
https://noralcrochet.it;Noralcrochet;+393476788335;https://wa.me/393476788335;;;;;
https://nothled.it;Nothled;+393792543834;https://wa.me/393792543834;;;;;
https://novalberg.myshopify.com;Novalberg;+393318501798;https://wa.me/393318501798;;;;;
https://nugs.it;Nugs;+393339545054;https://wa.me/393339545054;;;;;
https://nutrizionistasacca.it;Nutrizionistasacca;+393791104959;https://wa.me/393791104959;;;;;
https://nuvo-new-store.myshopify.com;Nuvo New Store;+390113499130;https://wa.me/390113499130;;;;;
https://ocabianca.myshopify.com;Ocabianca;+390432943203;https://wa.me/390432943203;;;;;
https://officinadeisaponi.myshopify.com;Officinadeisaponi;+393285335278;https://wa.me/393285335278;;;;;
https://www.olfattorio.it;Olfattorio;+390112483825;https://wa.me/390112483825;;;;;
https://olimpiahome.myshopify.com;Olimpiahome;+393332419479;https://wa.me/393332419479;;;;;
https://shop.omnidecor.it;Omnidecor;+390240703060;https://wa.me/390240703060;;;;;
https://www.openheart.it;Openheart;+393518172855;https://wa.me/393518172855;;;;;
https://openheart-it.myshopify.com;Openheart It;+393518172855;https://wa.me/393518172855;;;;;
https://optipointshop.it;Optipointshop;+393273773739;https://wa.me/393273773739;;;;;
https://orchideabomboniere.it;Orchideabomboniere;+393802081006;https://wa.me/393802081006;;;;;
https://original-venice-store.myshopify.com;Original Venice Store;+393925535205;https://wa.me/393925535205;;;;;
https://orizzonteshop.myshopify.com;Orizzonteshop;+3907734128214;https://wa.me/3907734128214;;;;;
https://www.ostebirraartigianale.it;Ostebirraartigianale;+393498552753;https://wa.me/393498552753;;;;;
https://paesanoauthentic.myshopify.com;Paesanoauthentic;+393207912980;https://wa.me/393207912980;;;;;
https://pajaroo.myshopify.com;Pajaroo;+393339828756;https://wa.me/393339828756;;;;;
https://www.papilioshop.it;Papilioshop;+393935305228;https://wa.me/393935305228;;;;;
https://www.patabit.it;Patabit;+391994966365;https://wa.me/391994966365;;;;;
https://patty-shop-ecobio.myshopify.com;Patty Shop Ecobio;+390425412941;https://wa.me/390425412941;;;;;
https://pattyshopecobio.it;Pattyshopecobio;+390425412941;https://wa.me/390425412941;;;;;
https://perinelliforniture.it;Perinelliforniture;+393397988789;https://wa.me/393397988789;;;;;
https://shop.pestalia.it;Pestalia;+393408626448;https://wa.me/393408626448;;;;;
https://www.petitebox.it;Petitebox;+393471291471;https://wa.me/393471291471;;;;;
https://www.piccolipassigreen.it;Piccolipassigreen;+390342483332;https://wa.me/390342483332;;;;;
https://pini1920art.myshopify.com;Pini1920Art;+393315392011;https://wa.me/393315392011;;;;;
https://pitaka.myshopify.com;Pitaka;+39719803125;https://wa.me/39719803125;;;;;
https://shop.platodesign.it;Platodesign;+393928817148;https://wa.me/393928817148;;;;;
https://polironeshop.myshopify.com;Polironeshop;+393935305228;https://wa.me/393935305228;;;;;
https://prestige-home-109a.myshopify.com;Prestige Home 109A;+393888890707;https://wa.me/393888890707;;;;;
https://prestigioargentieori.it;Prestigioargentieori;+390818522609;https://wa.me/390818522609;;;;;
https://prices-candles.it;Prices Candles;+393470723786;https://wa.me/393470723786;;;;;
https://profumeria-al-sacro-cuore.myshopify.com;Profumeria Al Sacro Cuore;+3383301782;https://wa.me/3383301782;;;;;
https://profumeria-nuur.myshopify.com;Profumeria Nuur;+392901296373;https://wa.me/392901296373;;;;;
https://puntoluceled.it;Puntoluceled;+393428037754;https://wa.me/393428037754;;;;;
https://pureshop-it.myshopify.com;Pureshop It;+393311095791;https://wa.me/393311095791;;;;;
https://puressentiel-it.myshopify.com;Puressentiel It;+390123456789;https://wa.me/390123456789;;;;;
https://pyramidea.it;Pyramidea;+393285410541;https://wa.me/393285410541;;;;;
https://queens-wood-world.myshopify.com;Queens Wood World;+390123456789;https://wa.me/390123456789;;;;;
https://www.quickled.it;Quickled;+393402507143;https://wa.me/393402507143;;;;;
https://quintoego.myshopify.com;Quintoego;+393406945702;https://wa.me/393406945702;;;;;
https://raboutique.myshopify.com;Raboutique;+393773679817;https://wa.me/393773679817;;;;;
https://ramapiki.myshopify.com;Ramapiki;+393518239593;https://wa.me/393518239593;;;;;
https://ramelia.it;Ramelia;+393458044848;https://wa.me/393458044848;;;;;
https://www.rawmilano.it;Rawmilano;+393428150279;https://wa.me/393428150279;;;;;
https://realbowl.it;Realbowl;+393783092768;https://wa.me/393783092768;;;;;
https://rebirth33.myshopify.com;Rebirth33;+3462624277;https://wa.me/3462624277;;;;;
https://redo-kasa.myshopify.com;Redo Kasa;+393760838256;https://wa.me/393760838256;;;;;
https://rhwvke-9v.myshopify.com;Rhwvke 9V;+393331605503;https://wa.me/393331605503;;;;;
https://ribesoflove.myshopify.com;Ribesoflove;+393515881865;https://wa.me/393515881865;;;;;
https://ricambicamiononline.it;Ricambicamiononline;+393516636860;https://wa.me/393516636860;;;;;
https://risparmio-elettrico.it;Risparmio Elettrico;+393317596016;https://wa.me/393317596016;;;;;
https://rj7ype-zg.myshopify.com;Rj7Ype Zg;+393515521572;https://wa.me/393515521572;;;;;
https://www.robertabacarelli.it;Robertabacarelli;+39766589593;https://wa.me/39766589593;;;;;
https://robinsun.it;Robinsun;+34640913151;https://wa.me/34640913151;;;;;
https://rocks-4x4.it;Rocks 4X4;+393486350330;https://wa.me/393486350330;;;;;
https://rockwaveitalia.it;Rockwaveitalia;+393516566778;https://wa.me/393516566778;;;;;
https://rohconceptstore.myshopify.com;Rohconceptstore;+393517054418;https://wa.me/393517054418;;;;;
https://www.rohome.it;Rohome;+393517054418;https://wa.me/393517054418;;;;;
https://romano-mobili.myshopify.com;Romano Mobili;+393299879306;https://wa.me/393299879306;;;;;
https://roviellocolori.it;Roviellocolori;+393934276098;https://wa.me/393934276098;;;;;
https://rqqhzt-hw.myshopify.com;Rqqhzt Hw;+393339380392;https://wa.me/393339380392;;;;;
https://www.salvadori.it;Salvadori;+393358001485;https://wa.me/393358001485;;;;;
https://santamadonna.myshopify.com;Santamadonna;+393357432465;https://wa.me/393357432465;;;;;
https://santegle-organic-shop.myshopify.com;Santegle Organic Shop;+393294250285;https://wa.me/393294250285;;;;;
https://saponediuntempo.myshopify.com;Saponediuntempo;+393914063657;https://wa.me/393914063657;;;;;
https://saporepuro.myshopify.com;Saporepuro;+390114114163;https://wa.me/390114114163;;;;;
https://www.sarmaiforniture.it;Sarmaiforniture;+393331605503;https://wa.me/393331605503;;;;;
https://sartoriaitaliana.myshopify.com;Sartoriaitaliana;+393757406754;https://wa.me/393757406754;;;;;
https://sbam-74ec.myshopify.com;Sbam 74Ec;+393516922552;https://wa.me/393516922552;;;;;
https://scarnati-elettricita.myshopify.com;Scarnati Elettricita;+393489363603;https://wa.me/393489363603;;;;;
https://scrusciu-du-mari.myshopify.com;Scrusciu Du Mari;+3297227577;https://wa.me/3297227577;;;;;
https://scrusciudumari.it;Scrusciudumari;+3297227577;https://wa.me/3297227577;;;;;
https://segni-particolari-home.myshopify.com;Segni Particolari Home;+390536588190;https://wa.me/390536588190;;;;;
https://selvaggioedilpref.it;Selvaggioedilpref;+393396475260;https://wa.me/393396475260;;;;;
https://www.sensationprofumerie.it;Sensationprofumerie;+393383696822;https://wa.me/393383696822;;;;;
https://shoes43torino.myshopify.com;Shoes43Torino;+393519734551;https://wa.me/393519734551;;;;;
https://shop-elatan.myshopify.com;Shop Elatan;+393501487583;https://wa.me/393501487583;;;;;
https://shop17.it;Shop17;+393792035893;https://wa.me/393792035893;;;;;
https://shoplaciau.it;Shoplaciau;+390173281986;https://wa.me/390173281986;;;;;
https://shopmeridiano361.myshopify.com;Shopmeridiano361;+393204404033;https://wa.me/393204404033;;;;;
https://shopoluxilluminazione.myshopify.com;Shopoluxilluminazione;+390815047936;https://wa.me/390815047936;;;;;
https://shoppingcasavaldagno.it;Shoppingcasavaldagno;+390445406010;https://wa.me/390445406010;;;;;
https://www.shopzen.it;Shopzen;+393382167170;https://wa.me/393382167170;;;;;
https://sicilyaddict.myshopify.com;Sicilyaddict;+390909146373;https://wa.me/390909146373;;;;;
https://simpleday.it;Simpleday;+393666236541;https://wa.me/393666236541;;;;;
https://simpleday-it.myshopify.com;Simpleday It;+393666236541;https://wa.me/393666236541;;;;;
https://www.skinfirstcosmetics.it;Skinfirstcosmetics;+393757739787;https://wa.me/393757739787;;;;;
http://www.skinnate.it;Skinnate;+393311420033;https://wa.me/393311420033;;;;;
https://skon-cosmetics.myshopify.com;Skon Cosmetics;+15558978394;https://wa.me/15558978394;;;;;
https://soniacandlesandsoaps.it;Soniacandlesandsoaps;+393776825694;https://wa.me/393776825694;;;;;
https://sonnybono.myshopify.com;Sonnybono;+393667868043;https://wa.me/393667868043;;;;;
https://spazio-ecosalute.myshopify.com;Spazio Ecosalute;+393293447554;https://wa.me/393293447554;;;;;
https://spcentroedile.it;Spcentroedile;+393773095389;https://wa.me/393773095389;;;;;
https://sphome.it;Sphome;+390536588190;https://wa.me/390536588190;;;;;
https://sscustom.it;Sscustom;+3518691064;https://wa.me/3518691064;;;;;
https://stampaecrea.it;Stampaecrea;+393515684172;https://wa.me/393515684172;;;;;
https://starlightcreativityart.it;Starlightcreativityart;+393349489081;https://wa.me/393349489081;;;;;
https://www.stilcasa1974.it;Stilcasa1974;+393356106809;https://wa.me/393356106809;;;;;
https://store-shopdecor-www.myshopify.com;Store Shopdecor Www;+39337687024;https://wa.me/39337687024;;;;;
https://storececotec.it;Storececotec;+390123456789;https://wa.me/390123456789;;;;;
https://stripled.it;Stripled;+393514181910;https://wa.me/393514181910;;;;;
https://sv3d.it;Sv3D;+393514451771;https://wa.me/393514451771;;;;;
http://www.tamaradandria.it;Tamaradandria;+393392881157;https://wa.me/393392881157;;;;;
https://www.tekhome.it;Tekhome;+393880988264;https://wa.me/393880988264;;;;;
https://www.tendencedesign.it;Tendencedesign;+393510677887;https://wa.me/393510677887;;;;;
https://www.teriamservice.it;Teriamservice;+390981489587;https://wa.me/390981489587;;;;;
https://terme-della-bellezza.myshopify.com;Terme Della Bellezza;+39081902714;https://wa.me/39081902714;;;;;
https://terre-solive.myshopify.com;Terre Solive;+3665242132;https://wa.me/3665242132;;;;;
https://tesissima.it;Tesissima;+390522327646;https://wa.me/390522327646;;;;;
https://tesoridelpassato.it;Tesoridelpassato;+393271176505;https://wa.me/393271176505;;;;;
https://test-olmo.myshopify.com;Test Olmo;+393666289465;https://wa.me/393666289465;;;;;
https://tf3000.it;Tf3000;+393387444137;https://wa.me/393387444137;;;;;
https://theofficecrowd.it;Theofficecrowd;+39661994145;https://wa.me/39661994145;;;;;
https://thetreehouseshop.myshopify.com;Thetreehouseshop;+392156862745;https://wa.me/392156862745;;;;;
https://tiareluxury.it;Tiareluxury;+393347548796;https://wa.me/393347548796;;;;;
https://www.tikamoon.it;Tikamoon;+390294753660;https://wa.me/390294753660;;;;;
https://toledo72.it;Toledo72;+390818307078;https://wa.me/390818307078;;;;;
https://tomasidesign.myshopify.com;Tomasidesign;+3358429376;https://wa.me/3358429376;;;;;
https://tomodachipress.it;Tomodachipress;+39959429281;https://wa.me/39959429281;;;;;
https://www.tooitaly.it;Tooitaly;+393295717390;https://wa.me/393295717390;;;;;
https://www.torricellastore.it;Torricellastore;+39087354154;https://wa.me/39087354154;;;;;
https://totherramienta.myshopify.com;Totherramienta;+34656367907;https://wa.me/34656367907;;;;;
https://www.toysvaldichiana.it;Toysvaldichiana;+393395792699;https://wa.me/393395792699;;;;;
https://www.trentiniparquet.it;Trentiniparquet;+3425249515;https://wa.me/3425249515;;;;;
https://tuttisanti.myshopify.com;Tuttisanti;+393934280546;https://wa.me/393934280546;;;;;
https://tuvalum.it;Tuvalum;+34614083788;https://wa.me/34614083788;;;;;
https://ukiyodesignmilano.myshopify.com;Ukiyodesignmilano;+393761519255;https://wa.me/393761519255;;;;;
https://un-te-da-matti.myshopify.com;Un Te Da Matti;+393762164347;https://wa.me/393762164347;;;;;
https://united-colors-of-naples.myshopify.com;United Colors Of Naples;+393921629364;https://wa.me/393921629364;;;;;
https://www.utensileriaonline.it;Utensileriaonline;+390757827401;https://wa.me/390757827401;;;;;
https://vaisselle.it;Vaisselle;+390984975016;https://wa.me/390984975016;;;;;
https://varriale-profumi.myshopify.com;Varriale Profumi;+393440553053;https://wa.me/393440553053;;;;;
https://www.vaschettegelato.it;Vaschettegelato;+390289038785;https://wa.me/390289038785;;;;;
https://ventilii.myshopify.com;Ventilii;+393206778800;https://wa.me/393206778800;;;;;
https://veronicatordi.it;Veronicatordi;+393917447190;https://wa.me/393917447190;;;;;
https://vessi.it;Vessi;+447427826902;https://wa.me/447427826902;;;;;
https://vestiluce.myshopify.com;Vestiluce;+393338740380;https://wa.me/393338740380;;;;;
https://www.viadurini.it;Viadurini;+393739005839;https://wa.me/393739005839;;;;;
https://viaromastore.myshopify.com;Viaromastore;+393298085701;https://wa.me/393298085701;;;;;
https://www.vicariocinque.it;Vicariocinque;+393276257393;https://wa.me/393276257393;;;;;
https://village-box-creativity.myshopify.com;Village Box Creativity;+3920044141;https://wa.me/3920044141;;;;;
https://vimon-gioielli.myshopify.com;Vimon Gioielli;+393391915501;https://wa.me/393391915501;;;;;
https://vimongioielli.it;Vimongioielli;+393391915501;https://wa.me/393391915501;;;;;
https://www.vintag-e.it;Vintag E;+393371552028;https://wa.me/393371552028;;;;;
https://vintail.it;Vintail;+393347080328;https://wa.me/393347080328;;;;;
https://www.vortek.it;Vortek;+393403548604;https://wa.me/393403548604;;;;;
https://vscandele.it;Vscandele;+393534541673;https://wa.me/393534541673;;;;;
https://w19u9n-ma.myshopify.com;W19U9N Ma;+393793073433;https://wa.me/393793073433;;;;;
https://wanabenatural.myshopify.com;Wanabenatural;+393792843026;https://wa.me/393792843026;;;;;
https://www.webpet.it;Webpet;+390240032005;https://wa.me/390240032005;;;;;
https://wftb-italy.myshopify.com;Wftb Italy;+393356168806;https://wa.me/393356168806;;;;;
https://williamabbigliamento.it;Williamabbigliamento;+393755848704;https://wa.me/393755848704;;;;;
https://www.winkyourgift.it;Winkyourgift;+393202482285;https://wa.me/393202482285;;;;;
https://wjsfkx-nv.myshopify.com;Wjsfkx Nv;+3792609680;https://wa.me/3792609680;;;;;
https://wjulia.it;Wjulia;+393773821864;https://wa.me/393773821864;;;;;
https://woodage.it;Woodage;+393401649763;https://wa.me/393401649763;;;;;
https://www-abilahhomedecor.myshopify.com;Www Abilahhomedecor;+3421010157;https://wa.me/3421010157;;;;;
https://www-buyly-it.myshopify.com;Www Buyly It;+393899309980;https://wa.me/393899309980;;;;;
https://www-ferrarostore.myshopify.com;Www Ferrarostore;+393510663052;https://wa.me/393510663052;;;;;
https://youglam-me.myshopify.com;Youglam Me;+393342467070;https://wa.me/393342467070;;;;;
https://your-online-easy-shop.myshopify.com;Your Online Easy Shop;+39764328599;https://wa.me/39764328599;;;;;
https://zafferano-eshop.myshopify.com;Zafferano Eshop;+390422470344;https://wa.me/390422470344;;;;;
https://zampinostore.it;Zampinostore;+393792962190;https://wa.me/393792962190;;;;;
https://www.zappiasicurezza.it;Zappiasicurezza;+393471778111;https://wa.me/393471778111;;;;;
https://www.zerow.it;Zerow;+39623458982;https://wa.me/39623458982;;;;;
https://zocohome.myshopify.com;Zocohome;+34635546360;https://wa.me/34635546360;;;;;
;;;;;;;;
;;;;;;;;
;;;;;;;;
;;;;;;;;
;;;;;;;;
;;;;;;;;
;;;;;;;;
;;;;;;;;
;;;;;;;;
;;;;;;;;
;;;;;;;;
;;;;;;;;
;;;;;;;;
;;;;;;;;
;;;;;;;;
;;;;;;;;
;;;;;;;;
;;;;;;;;
;;;;;;;;
;;;;;;;;
;;;;;;;;
;;;;;;;;
;;;;;;;;
;;;;;;;;
;;;;;;;;
;;;;;;;;
